datetime,open,high,low,close,volume
2026-07-10T00:00:00+00:00,15415.47,15470.449999999999,14997.96,15040.46,122418.98161959331
2026-07-10T12:00:00+00:00,15040.46,15075.96,15024.46,15073.449999999999,13802.92888537471
2026-07-13T00:00:00+00:00,15073.449999999999,15130.73,14797.22,14872.22,182968.08722184337
2026-07-13T12:00:00+00:00,14872.22,14896.23,14841.72,14847.72,17943.590665398355
2026-07-14T00:00:00+00:00,14847.72,15167.47,14737.47,15163.99,180279.22345783416
2026-07-14T12:00:00+00:00,15163.99,15233.49,15144.47,15207.99,20611.495386200015
2026-07-15T00:00:00+00:00,15207.99,15404.05,15099.53,15275.05,120935.22022423455
2026-07-15T12:00:00+00:00,15275.05,15329.53,15258.039999999999,15303.039999999999,15160.97326653415
2026-07-16T00:00:00+00:00,15303.039999999999,15303.039999999999,14879.89,14938.9,121315.96608391608
2026-07-16T12:00:00+00:00,14938.9,14959.39,14875.91,14897.89,13404.643146796432
2026-07-17T00:00:00+00:00,14897.89,14914.949999999999,14347.43,14443.949999999999,168651.2367092367
2026-07-17T12:00:00+00:00,14443.949999999999,14512.449999999999,14417.949999999999,14485.43,16332.47910338233
2026-07-20T00:00:00+00:00,14485.43,14860.43,14463.42,14802.92,194271.14659400546
2026-07-20T12:00:00+00:00,14802.92,14866.93,14780.91,14802.42,15431.896895033178
2026-07-21T00:00:00+00:00,14802.42,15188.93,14802.42,15117.93,151543.61978221417
2026-07-21T12:00:00+00:00,15117.93,15167.41,15105.43,15159.42,9818.53935849649
2026-07-22T00:00:00+00:00,15159.42,15332.47,15087.45,15142.97,113697.4079639767
2026-07-22T12:00:00+00:00,15142.97,15195.45,15120.95,15181.95,8649.771258080556
2026-07-23T00:00:00+00:00,15181.95,15260.18,15125.67,15199.66,99512.12724879333
2026-07-23T12:00:00+00:00,15199.66,15200.17,15111.16,15145.16,17493.663090128757
2026-07-24T00:00:00+00:00,15145.16,15195.36,14969.36,15058.36,97027.7918260227
2026-07-24T12:00:00+00:00,15058.36,15078.87,15005.85,15022.36,15461.357450007268
2026-07-27T00:00:00+00:00,15022.36,15231.7,14991.18,15185.2,55629.55680869062
2026-07-27T12:00:00+00:00,15185.2,15205.2,15147.18,15193.69,14154.317997250206
2026-07-28T00:00:00+00:00,15193.69,15193.69,14717.23,14800.73,117164.9475760992
2026-07-28T12:00:00+00:00,14800.73,14860.23,14771.210000000001,14834.72,14370.083609028994
2026-07-29T00:00:00+00:00,14834.72,14939.130000000001,14636.14,14871.14,128230.86801649793
2026-07-29T12:00:00+00:00,14871.14,14917.15,14764.130000000001,14787.64,28551.991473033468
2026-07-30T00:00:00+00:00,14787.64,14836.52,14454.52,14758.53,151544.97196796339
2026-07-30T12:00:00+00:00,14758.53,14932.04,14753.54,14920.52,16320.3653250774
2026-07-31T00:00:00+00:00,14920.52,15061.03,14795.550000000001,14857.050000000001,99390.99475341028
2026-07-31T12:00:00+00:00,14857.050000000001,14865.04,14770.050000000001,14819.03,19486
2026-08-03T00:00:00+00:00,14819.03,14841.7,14608.7,14654.19,80944.74317596613
2026-08-03T12:00:00+00:00,14654.19,14722.68,14630.68,14719.2,8731.886114627938
2026-08-04T00:00:00+00:00,14719.2,14845.2,14651.2,14721.2,74500.88758782201
2026-08-04T12:00:00+00:00,14721.2,14812.2,14696.18,14795.7,7740.548548548549
2026-08-05T00:00:00+00:00,14795.7,15026.7,14594.19,14910.18,94360.53441228697
2026-08-05T12:00:00+00:00,14910.18,14921.2,14853.18,14865.7,10691.47482908639
2026-08-06T00:00:00+00:00,14865.7,14979.7,14756.19,14938.7,77501.77399436994
2026-08-06T12:00:00+00:00,14938.7,14974.2,14928.68,14950.69,10548.895978344934
2026-08-07T00:00:00+00:00,14950.69,15103.19,14912.19,15060.69,74988.8418531193
2026-08-07T12:00:00+00:00,15060.69,15104.19,15059.68,15084.68,10591.101998712005
2026-08-10T00:00:00+00:00,15084.68,15103.050000000001,14921.03,15010.550000000001,67963.35976091612
2026-08-10T12:00:00+00:00,15010.550000000001,15020.54,14981.53,14994.03,6811.08350700878
2026-08-11T00:00:00+00:00,14994.03,15047.69,14908.68,14932.2,69854.20769665726
2026-08-11T12:00:00+00:00,14932.2,14937.69,14897.68,14914.68,7209.38074550745
2026-08-12T00:00:00+00:00,14914.68,15020.99,14878.980000000001,15005.009999999998,64081.07309926279
2026-08-12T12:00:00+00:00,15005.009999999998,15038.009999999998,14999.499999999998,15033.509999999998,8456.06329121729
2026-08-13T00:00:00+00:00,15033.509999999998,15151.22,14959.72,14992.73,65545.97029829537
2026-08-13T12:00:00+00:00,14992.73,15018.23,14983.21,14996.21,6894.346749556301
2026-08-14T00:00:00+00:00,14996.21,15032.64,14884.119999999999,14942.64,64312.773766025406
2026-08-14T12:00:00+00:00,14942.64,14956.64,14915.619999999999,14924.63,6865.90251468172
2026-08-17T00:00:00+00:00,14924.63,15187.949999999999,14910.949999999999,15141.47,55854.07474939779
2026-08-17T12:00:00+00:00,15141.47,15151.47,15115.449999999999,15130.949999999999,5140.506396157419
2026-08-18T00:00:00+00:00,15130.949999999999,15166.81,14988.31,15095.3,46773.299460054215
2026-08-18T12:00:00+00:00,15095.3,15106.31,15039.289999999999,15041.31,8718.040382616951
2026-08-19T00:00:00+00:00,15041.31,15042.31,14659.519999999999,14746.019999999999,75148.90711562237
2026-08-19T12:00:00+00:00,14746.019999999999,14827.019999999999,14743.019999999999,14795.529999999999,10177.331303006657
2026-08-20T00:00:00+00:00,14795.529999999999,14816.67,14620.18,14662.17,58002.86548846343
2026-08-20T12:00:00+00:00,14662.17,14706.189999999999,14639.17,14703.17,11502.204592914928
2026-08-21T00:00:00+00:00,14703.17,14866.88,14663.859999999999,14830.869999999999,58068.59703019112
2026-08-21T12:00:00+00:00,14830.869999999999,14839.88,14799.859999999999,14812.859999999999,8016.152807545908
2026-08-24T00:00:00+00:00,14815.3,14854.33,14538.32,14648.33,71910
2026-08-24T12:00:00+00:00,14648.33,14656.33,14602.83,14624.31,10534
2026-08-25T00:00:00+00:00,14624.31,14687.04,14541.04,14647.559999999998,65865
2026-08-25T12:00:00+00:00,14647.559999999998,14659.04,14625.03,14653.54,6662
2026-08-26T00:00:00+00:00,14653.54,14837.73,14579.73,14754.71,64742
2026-08-26T12:00:00+00:00,14754.71,14760.23,14729.71,14737.71,6088
2026-08-27T00:00:00+00:00,14737.71,14859.66,14731.15,14803.14,53172
2026-08-27T12:00:00+00:00,14803.14,14822.65,14771.16,14789.14,6610
2026-08-28T00:00:00+00:00,14789.14,14849.49,14705.51,14783,49563
2026-08-28T12:00:00+00:00,14783,14792,14712,14724.01,10237
2026-08-31T00:00:00+00:00,14724.01,14769.01,14518.99,14751,55172
2026-08-31T12:00:00+00:00,14751,14761.01,14716.49,14733.49,5452
2026-09-01T00:00:00+00:00,14733.49,14872.51,14691.99,14747.99,57917
2026-09-01T12:00:00+00:00,14747.99,14788.01,14721.99,14735,7355
2026-09-02T00:00:00+00:00,14735,14735,14542.99,14543.99,15707
